X1,X2,X3,X4,X5,X6,Y
-2.50919762305275,9.014286128198322,4.639878836228101,1.973169683940732,-6.87962719115127,-6.880109593275947,-11.234777217743643
-8.83832775663601,7.323522915498703,2.0223002348641756,4.161451555920909,-9.588310114083951,9.398197043239886,-488.4375616597696
6.648852816008436,-5.753217786434477,-6.363500655857988,-6.331909802931324,-3.9151551408092455,0.49512863264475726,52.98416552950611
-1.3610996271576852,-4.175417196039161,2.23705789444759,-7.210122786959163,-4.157107029295637,-2.672763134126166,-0.4907220577271767
-0.8786003156592805,5.703519227860273,-6.006524356832806,0.28468876827223255,1.8482913772408498,-9.070991745600045,80.15093511953924
2.1508970380287664,-6.58951752625417,-8.69896814029441,8.977710745066666,9.312640661491187,6.167946962329221,-524.7686046821638
-3.9077246165325867,-8.046557719872322,3.6846605302431374,-1.196950125207973,-7.5592353031044235,-0.09646179777459629,116.6993341351896
-9.312229577695632,8.186408041575643,-4.824400367999662,3.2504456870796403,-3.7657784782117805,0.40136042355621626,-88.26243679778914
0.934205586865593,-6.302910889489459,9.391692555291172,5.502656467222291,8.789978831283783,7.896547008552975,-73.09759848865995
1.9579995762217024,8.437484700462335,-8.23014995896161,-6.080342751617096,-9.09545422178924,-3.4933933847347127,7.335146665988923
-2.2264542062103594,-4.573019364522082,6.574750183038589,-2.864933466128214,-4.381309806252385,0.8539216631649698,0.7115766738040675
-7.181515500504747,6.043939615080795,-8.508987126404584,9.737738732010346,5.4448953859331475,-6.025686369316552,-47.07826691217014
-9.889557657527952,6.309228569096682,4.137146876952343,4.580143360819747,5.425406933718914,-8.519106965318192,305.1375304373413
-2.8306854291145473,-7.682618809497406,7.262068517511871,2.4659625365511584,-3.3820395029470163,-8.728832994279527,14.270956210428968
-3.780353565686756,-3.496333559465059,4.5921235667612805,2.751149427104263,7.744254851526531,-0.5557014967610137,22.22667595630251
-7.608115081233966,4.264895744459899,5.215700972337949,1.2255439513899251,5.419343599091221,-0.12408807271218514,47.91588445428005
0.4546565876398816,-1.4491796328290079,-9.491617465118097,-7.842171460133911,-9.371416286265315,2.7282082252756084,149.60897342406707
-3.712880378473466,0.1714138232940563,8.151329478521859,-5.014155417022501,-1.7923415392874062,5.1110227708609735,-240.11601653433783
-5.424036690167551,-8.46040180342414,-4.204970941724639,-6.775574254919912,8.59395304685146,6.162407591288339,65.89798211580558
2.6680751302084698,7.429211803754356,6.073441537982291,-6.268598822279284,7.851179969799556,0.786844838313014,-145.33566035368898
6.148803103281249,7.921825998469863,-3.6399305005627225,-7.798961509446465,-5.441296749161166,-1.4578442274748742,-162.50318813510745
6.360295318449861,7.214611665126867,-9.860957389376185,0.21494605155131552,-1.6517799370244202,-5.557843790585395,-46.299451737358766
-7.6026926533263435,-3.247696571927441,8.858194078250385,-3.5359413595848954,0.3758124348673224,4.060379177903556,-150.33091418650972
-2.7274079524141204,9.435641654419214,9.248945898842223,-4.964354083492717,-0.0550298821522901,-3.982433803664607,-199.27704705394945
-4.303190112450648,-9.262261052909345,2.191286679597937,0.0535804645772302,-8.970424975000213,-4.427070715267771,79.20428275403434
8.165317719333075,-5.208762186660552,-7.102102558175538,-0.21094479444873926,9.713009082212015,-5.158894569769991,-525.4079527675576
3.442710948117572,5.232392306574351,-5.247249120152007,4.5643269722371915,-2.644337345614936,2.646116611871589,20.068309345023774
2.6705942152178945,0.71549368149517,-8.194204598911835,6.70604991178476,-3.5843987005652833,-6.269629792002915,-190.94283873654564
-9.184497168904722,1.8178588637648367,3.551287236845649,-9.668243421442877,0.24186116598562002,-5.470084496041241,-88.85622286976185
2.9034558081889976,-6.512671419900171,3.81875476204932,-2.265293073989252,8.73459977473469,-7.249581117080135,-78.56048538285653
-3.17867297899483,-7.730529575188219,8.493872365571256,7.5467870676196185,-4.841167445696888,3.19968092068358,-31.882184915007784
6.344444004024318,1.104016231989247,0.5930115671201293,-5.162954181990966,-8.137944643882015,7.944315159066534,44.916730307929654
8.008361143266608,2.6620291454653593,-3.219404179025986,-3.015808507746782,4.519113577404788,7.942205199051543,-119.06149116619179
7.741728485302346,5.597510917152476,2.8406329230857548,-8.317200700099024,-6.767425718107725,7.971083770541586,-338.8620980995855
2.128581193191799,-9.816058967667407,-7.9705691426793575,3.2700353821611152,-9.898768323075625,-6.783838971650027,-93.75294632195218
0.9746757873317229,3.837903953853864,3.0392251900520115,-5.514613810788804,4.243584426950717,-5.255018250063999,-12.847137817190537
-3.4920060368146455,4.929828102360483,2.992657980944294,6.984468209883559,3.152257846006867,1.3661720667094315,-22.7040230687867
-8.12650464343815,-2.645683938811329,-4.695952646365491,-5.1202071324183285,9.460211095048912,-2.138045506664792,66.03274072531359
7.8409311035422675,2.622772519945258,5.896226070832968,0.0527418621038418,1.5380776925271817,-0.14964612362272156,-164.69779456605568
-6.09514024403911,4.4490423052301065,-4.384552751182884,-9.513680671370924,2.9094459181433567,-6.457786411859021,65.60477532723107
8.809171687058285,9.078571540051747,8.29728780440897,-2.5968259948911125,-9.690867669422651,8.566371251754507,-523.9019188513552
-1.4363170336537134,9.333096380873393,9.272399541785056,7.060189109347203,-4.111022158608286,-2.298045427961495,-111.92656168158634
7.022733430337137,-3.661559896874447,-6.61014506627815,1.1360252491670035,8.72309548321562,3.9205959334994596,-276.51326996580656
1.4012234017872984,-8.05647012458463,2.3001445339833957,9.801077002085265,-7.19831969526952,0.3665930472747352,38.93739931644854
7.5474614385591074,4.815372355084088,3.9403148199053604,4.049681679742186,-2.8101769756048967,-4.128163114710133,-60.78064068955314
6.187223109570272,6.202267893583617,7.341446371602075,8.264811051129428,0.22684797721875682,0.030325893743992083,-96.79310197996175
5.965903579335503,2.999278615555303,4.039337545154067,5.91585338872202,7.8001068363513255,-3.240096862969284,-62.014187515046096
-2.48834094720112,-8.12036120318262,1.5656028199234804,-9.281154524065158,-0.6880396373507978,0.8528926941515316,83.5150403910751
-4.269174957434312,1.816665211380215,-9.389995001219011,-9.253036225015713,6.452011213193167,-2.7961871717747417,22.872991400960135
-7.458789746962305,0.4448652010960874,5.399871061972217,-5.683579450063137,2.4578095163800047,-8.29305070012464,59.51543192208423
-8.966365576627846,0.6270926313629595,0.8127024322021299,2.748598029964132,4.52182667445323,9.517041589250692,-188.7596238672568
0.3260069660239058,-3.5408705411750807,5.903723895374073,-4.583354974758516,-1.2205715858872779,-8.430872373154681,-29.487929291478938
-9.49298513169085,9.252968293558503,6.719602410244118,3.9194841218739604,-1.8209411117146033,-6.534113598583085,41.6393325858115
-6.871259146578279,-4.995142036708094,0.984533294122409,4.291918454001246,3.2039475343546258,-4.401322061081143,-92.4412606303751
9.097305613263881,4.757938333915369,1.0870810502280133,2.2344149246870444,-1.6079987514442013,-5.045380209976851,-101.463321638635
-2.8805464269747683,5.156922209287382,-9.712130227404883,-7.678547189861675,-9.079947159564945,-9.185423953620598,-66.82849055755725
7.109211680220145,4.073157187600474,-0.5165234182534952,-8.04331678697997,-0.1676824976633533,-0.5305645843886868,-228.58277619474066
-6.535962601799696,-1.3229670152405397,-2.0299053120525308,2.3170019610443298,2.7018730173528756,-9.09391980455911,-39.280622136995355
-2.5077477074705756,2.5171983142847267,0.06272517160175362,7.129796823766444,3.1738726323789006,-6.741311458371406,19.8945242748418
-8.588625051991404,2.8483855641263123,-9.469773789167563,1.715511625469265,8.804604828499151,1.50948355751758,-24.184770097523952
-2.236601475869562,2.8657643688470635,-0.8349421901696665,0.9123357863186996,8.829296175530502,-2.2779472439845154,119.75909529473202
9.223811276478283,8.107012839121275,-6.084177304214071,-8.612773982496691,-7.984439972451467,-9.635563486969005,-263.52937490958834
-8.111140784881432,3.6601354683271374,-8.57622703079542,-3.6204873941247744,6.89750621938909,-9.534561285283482,158.53167705245139
6.289369651778717,-4.362904504532001,-7.636703447566875,3.9347433072830125,2.5788569355976794,7.549440270541059,-97.70555404511614
4.701420876077716,6.06961860769697,-4.35930854857387,-6.451209124405544,5.012295032817168,6.136694785345281,-102.4284386308688
9.810102840013467,-1.7476464617714704,-2.559638284144336,5.528259214839936,-3.183929194939643,8.615146512071295,90.46406796579714
7.168255036860238,-1.420119452499634,5.017421355829947,5.0908574816936465,-7.937522623281348,8.051058133591333,150.38369611107325
0.10504744895714246,6.529149322154833,-3.599007979387765,7.9104645699240095,-2.215966425316738,-9.783246970394032,42.87925067966561
8.107639528385274,-8.174266464277329,-3.6137272481917027,9.001239341016099,9.012142938751122,1.4687577624657226,-545.8763076107992
2.6367442433959845,-1.031089560433605,-4.135784566038709,-3.4267090926016808,3.450369121540769,5.0474905887536,-11.880510107235661
5.83158087451697,5.792362855891078,-8.175877939026194,-0.11159390594837149,-8.848824799667113,0.9905776464747102,114.28704857072205
-1.1693899725324606,7.754083655165996,-2.9816997489584267,-7.658659671447882,-7.140166358943283,5.230212634349446,-164.88037329034864
2.364361266325222,-7.977546477544195,-8.317863877700052,4.019382629182399,-8.544739872716129,6.437201185807126,260.23239204813143
4.1248445431299245,-8.373024387162005,-8.30324571829616,9.732791570023508,-2.514584084877594,-2.587157058662182,-429.05515837058033
6.255991345150051,8.944971547677174,9.720021276457416,5.0675637051788325,-2.4748082893816843,-8.329985666026625,-48.91232312740775
5.542938318548735,1.1680849947161,-1.5155598150604739,8.12708770189472,-7.776050353876974,-0.14749791418281788,58.405858594191045
-9.772927104651618,-0.626787160117475,-8.873934486363254,-7.623641674638561,-7.649475064457903,2.984206042321272,-125.75270738903828
4.920897585308467,1.667375301943192,9.243450969490837,-2.5025884095259183,-4.285758274362785,7.3719825637892065,-263.6931082952896
-5.528083229610948,9.264450788812226,-9.756910506203674,9.39757653415278,-9.136801760988478,7.822862273961423,-133.91803318232127
0.5540221817259976,9.859295922386007,-8.524068705292024,1.0770856880264148,9.38605071238198,0.46195688340297636,209.8600245507955
2.5879727627052507,3.9149737796923425,-0.9091787046445354,2.551161601681269,1.6862862384620048,8.023160209819778,-40.507484488247705
-9.091072393170842,-4.380736208155394,9.008229681531176,7.805275677818326,-0.8868649442857404,2.4026519560307342,-254.14114342507824
-4.452376340377347,-6.237576805524774,-0.7260319012003578,-2.9329554394789437,1.6731222370174414,-8.445307260700304,-42.38653451952482
9.48789615332333,9.724214889592059,3.9632342803949037,0.7219273268824082,-3.8094476742734447,6.275900394138972,-252.28155988742932
3.694623451077586,-6.747661213102174,8.21854368987685,6.450744858463381,8.99599826583848,4.5143901677672,-95.43327805874462
2.268303918715798,-1.6351392741876225,8.654569667080267,7.321277790008168,-9.095626597876212,-9.47266051005496,12.644828341916533
-2.4707326624390085,6.211066615636657,9.74552258629889,-6.991662177929436,1.8826143070427026,-2.3821828673795693,-247.11200586700718
9.398287956292066,6.842378462714173,6.766574094222758,-0.6261368041005948,-1.703609953246696,-4.531858561385875,-239.1340435388558
-8.872490066981458,7.294447525101063,6.258020182601552,9.994353465722611,9.93273674147811,1.108634112052549,127.88141088872547
5.37974830361021,8.89531459764856,6.992947813548231,-5.053037965136047,-0.9891172937981292,-7.4168116969701,-230.32881495213786
9.081020545174447,2.123492689017601,-5.427143889930745,3.434013688117135,2.3625648091579166,-2.8367456393431905,-223.50509189473652
-7.72884815600742,3.4314639118559924,0.40615401807586693,5.446367834712786,0.40327002223986774,7.043630006370801,-205.7454280057007
1.0381367754897113,1.2187594307077259,7.533072053166901,-1.9303426757520583,-7.319695430987185,-9.42434647373322,-82.37129708513547
5.1027451134723805,2.406191027069294,4.081595361984471,-5.740716769821786,-7.272570488264605,-9.709106686642361,-172.7650350497809
-2.9882488238680605,1.7983537370926612,-2.155119098005354,-1.2505015595254179,8.083173889874967,-3.0348906595339926,102.90810928887556
0.2797897831962164,5.673060254822861,-2.069144353574597,2.4417340045574694,7.247274174934905,8.990412473152844,-17.6518448658585
-7.058530381419241,8.531752503229889,-0.15767413840923616,-4.8351122340208335,-0.8172848752347743,9.600651505709543,-295.7987372775619
-0.14763812014260758,-3.424967794249836,2.6680170863345154,-5.197087624436138,-8.482733437826722,-7.4224055617870155,-22.01885799604214
-7.439083220844552,-6.9619461297541125,-7.223456547011797,2.817494896064293,-6.3623983120171035,-3.086654333522736,-229.73812413956298
7.935768198120236,-0.5207671947425538,3.3511547704205427,-6.553602575967403,-6.1542196238265845,-9.182627674670423,-217.60797135098827
