Processor_Speed_GHz,RAM_GB,Storage_GB,Screen_Size_Inches,Battery_Life_Hours,Weight_Kg,Price_$
2.8108904159657686,8,1024,13.740531715354479,7.671736066225963,1.654264209339765,3405.5887713451625
4.827500072434707,16,512,15.167603789513432,7.312636898667579,1.6174469976799997,4297.165085339464
4.061978796339918,4,512,16.491783343505634,3.2307785922579213,3.2656364513025915,3345.2817409780714
3.595304694689628,4,1024,15.928899545638245,6.071230448635407,1.6238654996237654,3554.095374060466
2.046065241548528,4,1024,16.2262445914458,6.421760569072713,1.6798743153215776,3101.586896575235
2.045980821176709,4,1024,15.63513346684287,6.589405028072104,2.8984956560449096,2992.8316829925875
1.703292642588698,32,2048,15.76910625807141,8.22155132304599,2.12434960612635,4915.052163164005
4.531616510212273,4,512,16.396782606261276,7.802422920541906,2.941776392387953,3733.5483205787946
3.6039025411012306,32,2048,13.998672035436744,8.471145835141002,1.163415393910963,5445.068701812223
3.9782540222861593,32,2048,14.957699854572562,9.883949353879155,2.218927984183461,5303.618903622669
1.5720457300353086,4,1024,13.884837767278409,10.316871648444842,1.0840340004582065,2996.1607393062927
4.89468448256698,4,1024,16.95067203198659,9.46310768603845,1.1566330086383863,4215.638824450249
4.413549242801476,8,256,16.776237358746453,11.599713263594412,3.2660936333610273,3828.5014819462235
2.2431868873739664,16,256,13.157707245474024,3.1640932440872547,1.348113427793988,2937.0330038244947
2.136387385224852,4,2048,15.822300690062754,4.762001871151915,2.3310517056880427,3633.4850461340075
2.1419157844870185,8,512,16.700993269662664,3.068065874803279,2.0277390065017666,3084.762393191701
2.5648478503583823,8,1024,13.722301380509334,8.827272427391428,1.8683583156471066,3236.069707689389
3.336647510712832,16,1024,15.271780922210517,11.082274940549881,3.2495833642181813,4161.689403558441
3.0118075652474054,32,2048,16.66195319035217,5.191340669186694,1.0545584919387236,5251.497617325842
2.5193019906931466,4,256,13.135783914343195,11.34331090316676,2.6594742154389728,2580.165897518092
3.641485131528328,16,512,15.78968106898736,3.5424065126060476,3.408486085533876,3636.0138801257854
1.9882285122821464,4,256,14.189396029490203,11.409924241249628,2.400420458654605,2766.0234505891954
2.5225062698732637,8,256,16.697584781506123,6.16460418515671,3.3420561550827297,3129.3042233023325
2.7822664515279207,8,256,16.884232980661473,3.9127874560429485,1.1306446982150593,3202.391038865218
3.0962449447596256,32,256,16.777065956453736,7.372845832676931,2.0469832976854034,4599.654326180867
4.2481158648755475,8,1024,14.896856866629856,5.310989109484572,1.6503944774051278,3857.658115346272
2.1988582375542594,8,1024,16.448170603957255,5.563856117657306,2.8270524124518244,3233.527996223409
3.2998205344476403,16,256,16.378197594140282,5.765609684336579,3.4532427262431167,3656.920425277021
3.5734509910171486,4,512,14.276401892973023,10.22723308049397,1.6413251561106195,3362.739504539443
1.662576444519992,4,2048,16.31566189660271,7.85245149007729,2.6354365036851863,3612.0944904164585
3.6264069816550344,16,512,13.14803053886197,5.801769292404033,1.4952440818993504,3734.9250531313646
2.0968344329055206,32,512,15.385079513928211,8.493004049798266,2.4133256364290245,4313.442546155063
1.7276805754484783,4,512,13.920035349150812,9.445356068008742,2.1598312167208404,2671.275210188091
4.821099380386666,8,256,13.482267543109115,5.453616006601804,3.4300133240788426,3476.215566318684
4.879712115760958,4,1024,13.307812806516836,6.7219419137281635,2.5213181817411665,3646.8545569171333
4.329390718407614,8,512,15.785155103512558,4.096974840032528,1.873765930217047,3515.3359578412174
2.5661481921067972,32,256,14.359499855072265,4.630344145812122,1.2852394622198333,4038.4395394663816
1.8418523990223434,16,512,15.899067086115046,9.130060685684846,1.3781170718373363,3420.26873767309
3.894815592792549,4,512,13.26142536319577,4.6329451292606425,1.5632923248780877,2990.222575586425
3.0405337280886044,16,256,14.261161351322441,7.726470453003541,1.627416653350745,3479.5123719398775
1.9271338219567258,4,1024,15.157965169501349,9.381416355501894,3.1265401446028447,2945.62431842709
3.2331191853894454,8,1024,16.162892659355855,3.9618923078526946,2.403056970706312,3505.751712367307
1.6203598239032644,16,2048,14.27501001172828,8.105809976660133,2.308477278435916,3757.0560167930385
4.682621407275738,4,256,15.503565505748035,5.309065053312274,1.2869221796730437,3452.488836643657
2.405729935600059,8,2048,16.54391099294475,11.666341877138219,3.1503492333735874,4109.366840927564
3.818827995238937,16,2048,15.463452752729218,7.351910820479323,2.8070357580212093,4588.009455655896
2.5909887663129383,16,2048,13.931837899014536,10.253932947976423,1.169170904750004,4412.103759320132
3.320238074122338,4,1024,13.097603126226153,7.952038879406356,2.7695877430744216,3291.1909166445053
3.4134859777014785,4,256,16.48039549560372,3.3907127956933723,2.3588455433566153,2857.0155910938224
2.1469905943393446,4,2048,13.085077643401549,8.6983623803462,1.2043133643669457,3388.0512917808383
4.893546197175954,8,256,16.4988066907368,11.562630079859913,2.1457516038216413,3924.247916251051
4.2129648817639005,4,256,15.115748536108848,8.414506381316981,2.2117407178251174,3235.467227390592
4.7882462954746625,16,1024,16.756270794051584,10.372699734841111,1.4144363504081894,4851.234624113967
4.63189572649677,16,2048,16.195132943094663,10.957858170135669,3.364245367500706,5083.801456811609
3.592649925838798,4,2048,16.99173644213335,5.052717947540392,3.124938428701655,4020.378934300447
4.726559822580909,4,256,14.40284726180684,4.90840355917404,2.6725558433227707,3048.574786715105
1.8097237571817182,32,512,16.068753155724508,8.498828899658925,2.155738902501518,4301.50045660917
2.185940018467008,16,1024,14.607723654436969,6.699256228260342,2.0294138539612714,3471.1280879308024
1.6582955111868833,8,1024,14.919502481215636,10.558751725800484,2.6274336678773853,3198.410550142412
2.6386561576714254,32,1024,15.51002185287348,11.1002081105821,2.363579673517264,4808.166067132015
2.860370513913187,4,1024,16.494708456745354,6.180792413724463,1.155682764704714,3545.095417746099
2.449721611208636,4,2048,16.936333876797182,5.131835030770338,2.281256621925829,3612.87840126492
4.4005812820317525,16,2048,16.073093655458074,10.024729637194756,3.0160090430820987,4699.721267906937
2.748636643427562,4,512,14.671067128669335,5.473254319933225,2.1480996939923953,2877.6078484682807
2.483270783905833,8,1024,14.68542800910828,10.403528866623105,1.129891443885671,3665.221736704304
3.3994362910538696,16,1024,15.950329206355566,6.813644282838865,2.9656954984600827,4175.019439636212
1.9932347874116694,4,256,13.955108583073208,9.007949093623235,1.503409455339936,2627.594727036217
4.307689432639139,16,2048,13.44189645252558,3.859817824512014,1.646552087220097,4483.39796510057
1.760927252879198,4,1024,14.418488630563106,8.614733922089158,1.4117658835807396,3036.8403612883303
4.954104278101811,4,512,14.148955966616327,7.065909108635062,1.8255376621787438,3451.1317413581946
4.202856692538301,4,512,14.18523248182396,8.279476168579267,2.8918787642215875,3369.601141411599
2.1955048853696035,8,2048,13.93443100419964,4.512127869703771,2.2984646487598432,3592.2034642976664
1.5193274099326084,8,512,13.168372758545448,9.63186370449764,1.5122031853767814,2844.3208784952817
4.3541149995919195,16,512,13.071495738933656,10.765173697889058,3.1945751953801023,4216.228265808606
3.97400070346666,4,2048,16.950889558944127,4.950658200816981,3.198954637378823,4188.609359816025
4.051525088143455,4,1024,14.71109253494345,3.8614309996814553,3.1764460626150175,3343.305354223139
4.19944621340081,8,1024,14.537306588638726,3.2127472744170276,1.5969905284538481,3671.6674562189046
1.7591562810693162,4,512,15.71858913077228,8.777743503989395,2.12809836045247,2623.4030290460632
2.754630049904954,8,512,13.873015551460256,8.463846324799027,3.462474140352188,2965.6494029829582
1.905541708337954,4,1024,16.799844735800903,7.92027671442663,2.930031190774976,3093.028251308482
4.520861990564578,16,2048,16.14538005766221,5.087523865043779,1.0679185530638995,4892.4927900906905
3.6815434438964525,4,512,13.357644009249038,6.518153963149632,1.1630114781512302,3114.038505915635
2.658143086984272,4,256,14.670323103139713,8.350287016675559,2.159828442030832,2736.2533017365135
1.7224542260010827,32,2048,16.516473230248657,7.470901729732525,3.2730505146539004,5039.670201014244
2.5884381260048177,8,512,16.778928089165642,11.890069681933985,2.3467544948817856,3468.710015743099
2.6381416270936144,4,512,14.869606044999479,4.227957773010598,2.2445312700857256,2790.3648079303084
4.053621624183224,4,256,15.453645556842831,9.256300986428343,1.2636842498915763,3363.7293982505134
3.731451149743246,32,256,13.668135784368301,6.638868912938629,2.6419502618107353,4363.22523517271
4.6052445990171424,32,1024,16.964674504547908,6.853796534330533,3.0552579015005636,5393.93962292489
3.1527522380668227,8,2048,13.926686805533773,9.458379890923586,1.951050018768906,3956.564025100832
1.9185798607840558,32,2048,16.770927096540504,9.231925361919327,2.9390296273133187,5033.180552092848
3.9963567552804826,16,1024,15.598586595969474,11.921303943319694,3.4111916347520292,4346.685659298611
4.162747670159141,32,2048,15.430947179515437,4.155548605087127,1.5094161478192227,5372.083063464488
3.4644701914932368,16,2048,15.050754044066034,3.936986844457497,2.3083240779868532,4328.553945761381
4.198385129840963,8,2048,13.922679246871034,9.519049354158671,1.717844895211439,4323.031105690701
3.2282845872753674,8,2048,13.706112128022033,8.205482253057681,2.982136047584598,4029.647994799164
3.329564902836979,8,2048,13.881944836280702,5.467445999038253,2.4439834147028936,3933.8187566057413
2.996393564254924,8,256,13.745753048577019,3.7147743209008794,2.586456043875759,2840.120535913181
1.5889669436043332,8,2048,16.118337894267015,3.770924246367875,2.9947853990397353,3598.711368627527
1.8776199944765657,16,256,14.40050103666692,11.047717871977065,1.9899261816561373,3260.011328965998
1.61000214990357,16,2048,13.231370706253585,4.726805922468686,3.287725171017608,3693.8701789371853
3.7274364394232316,8,1024,16.876410520563244,5.910344059039687,2.33257216811535,3827.3349625458645
2.6002459337671433,32,512,16.535143539853703,5.039907620042892,1.39488705708837,4447.976321002773
3.2799974190764596,4,256,16.711009132780852,6.194966752487436,2.739747795422006,3035.6355535682624
4.6764826587413255,8,2048,16.97963129058574,3.6248145847148403,2.983153376095636,4276.86112543714
2.372522802021062,32,1024,13.695580996877949,7.671538118174434,1.7919041926688166,4397.15333916902
2.936340230624704,4,512,14.584968075610636,3.6085130723299343,3.1429481424968824,2924.866806126822
4.144428984900671,8,256,16.032953902816367,10.203208570401255,3.265358136914416,3712.1060619463265
2.3007935792206786,8,512,15.784082472215168,5.103408737193897,1.6922612184445223,3140.7093580123674
1.7694296844007755,16,1024,13.61558362535942,7.860107231440596,3.458803681788055,3469.4644452050175
2.514130085198188,4,256,16.26333249996247,10.920711788053124,1.351778820121896,3086.677565167877
2.0642745053890152,4,512,13.897762287346643,8.857896321424747,1.505039171006225,2763.8540453986066
4.753941783199005,32,2048,13.895270459290492,7.796620078962018,1.4605620980950653,5616.781089599043
4.328421328475459,16,256,15.147897691573654,5.91900377803838,3.234974275019676,3784.7203194678495
3.716913147786482,16,512,15.371759739366812,5.997017217523782,2.6357313808124045,3877.9211529100708
4.550112065657012,16,1024,15.320344831351244,9.025382596783711,1.3802607080556821,4621.458815017675
4.312852269146901,16,1024,13.36594734959102,11.947254250990508,2.1008085459208727,4301.355530878648
2.1529952061011253,4,256,16.509843450521522,8.956552708644407,2.538245062674505,2811.2138356093997
4.623956494714922,4,512,14.062400170354824,8.020050756330225,1.2086602124734582,3509.8487809651547
3.3876978467047776,8,256,13.518059685131217,9.575854592153215,3.2060409210183467,3178.9681350526776
4.326040543074219,8,256,16.554992319475907,7.186850510553463,3.009008838603838,3473.9494917484485
4.636319549732226,16,512,16.822605992919012,3.5412810834070667,2.2630169339415955,3928.0387655370478
2.6130121624015237,16,512,16.4485104690618,8.060671342901188,3.417816538147926,3581.2370374861302
1.8851817358468685,16,2048,16.238064298899513,11.618627560548422,2.044402448187749,4253.814688065145
2.297773068896796,8,512,15.620967922556087,4.577726481218937,3.4602757975912444,2866.7099625291116
2.994877260191897,32,1024,15.203429482436558,9.210044017385991,2.6697999970090676,4750.939855264464
4.363051680728725,32,256,13.347947039645641,4.808403197931508,2.5866781831348535,4389.387586041398
4.512557041397202,8,256,14.633812852282794,7.822449160257731,1.4148872382394626,3732.548755592851
1.5243324568591674,8,1024,14.490754068049256,3.8700880468204764,3.20481939576161,2845.612172407647
3.28761555902148,8,512,14.039015135041305,7.053338426323666,2.068724219801538,3254.9309432345276
2.9609385110207267,8,1024,15.893680454754339,9.805469960057215,1.4055835144561983,3773.8099358654704
2.2773773366475556,8,1024,14.983502940315084,6.128143718150839,1.0315187999393975,3173.229991976762
1.9195287856678898,8,2048,13.324184863630592,8.984205520384961,2.3993892090959563,3675.587061166054
2.681653099912698,16,1024,13.880732807799244,10.159049647107562,2.318499055306691,3787.429815219156
4.800183963693817,16,256,15.733035054638384,11.344600375315075,2.7983840559228965,4322.271568512563
2.6312102620726434,16,1024,13.304523437961201,5.1117787366990814,3.2256451325445052,3367.818591954636
3.3157671761017813,16,256,16.404827656195074,6.593843242283773,1.1985164616075739,3611.6649484594077
3.9605663561331226,8,256,14.980586108055897,4.371744119973757,2.828741225850906,3329.4501869544342
2.7727036083275287,32,256,14.922346309306592,11.932351519425376,1.4685298602439556,4493.554233803487
4.901237289523362,4,512,15.36963113863807,11.343008711318658,3.1454426328929097,3669.5773620931654
4.8685655322973895,8,2048,16.298723863700598,7.859614172525037,3.04765878465414,4589.477365600102
2.3812380353887743,4,256,14.391236831608772,10.578299649387791,2.351984387463861,2899.571338821305
3.240369770623349,32,256,15.712064610236254,7.6886217954483795,2.775606996558279,4321.140724913918
2.553074084358694,16,512,15.262927855983165,8.612271192024838,1.785875282959371,3767.679389764546
2.4969417303211365,32,256,14.068113080677685,3.8021198890441497,2.1779197473320364,3837.020561894487
1.629104315740865,8,1024,16.51451994542063,9.797433784471272,3.054092244276179,3355.215220990203
3.633475168929639,16,1024,16.189704086427714,4.1494213527171135,2.1481629929330346,4046.7198162087975
3.259376581301015,8,2048,15.633807338633702,10.434608672272756,1.8944956633136045,4348.172015087139
1.6801756293749628,16,256,16.402326916376968,10.038252789033473,2.23553111812575,3307.627535893818
2.47526262482814,4,512,16.46917680383921,9.378702279686788,3.070623131093046,3050.834111857953
4.678930600883287,4,1024,15.83345190686014,3.325443424722859,1.8380201184271818,3744.2330195581267
2.3384666173344035,4,512,16.348053313454688,5.728155203507957,1.4344039828393595,2849.532579965993
2.007132052319281,32,512,15.789885846677134,5.368013129197585,2.780035050826952,4186.929407532066
3.2130846609714707,8,1024,15.720563087041201,6.241227667243672,3.0649455317702046,3493.062180449639
4.949776589387103,32,512,15.474445512860736,3.788784720874547,1.2515936963088334,4954.489240587743
2.347193450290251,4,1024,16.010866558230564,11.432620407279565,1.5996852818898617,3295.13030564597
3.852474415920575,8,512,13.634420421172294,7.9842201664113865,1.3549299744024847,3170.573308950202
4.165668653650512,4,1024,16.523483036795714,5.749718795922211,1.8698535289554166,3731.442198903826
2.3317314039733987,32,256,16.487374110980927,6.5728336536685505,2.1258774472635316,4474.137848234969
4.048757220141509,32,2048,13.116989132138237,7.024822864543521,2.872065842408266,5366.176130507406
2.7872409645173866,32,1024,16.30326700225905,8.405349000245556,2.627868962204185,4781.393463507295
3.7130704070775282,4,1024,13.51547946989378,7.6411148492684795,2.552321418696078,3329.2085092277453
3.7173539876631314,8,2048,14.340475417036568,11.274527758929755,1.880937366524136,4332.434569314783
3.3752113942616546,8,1024,15.974033025166431,7.472671346152472,3.1036188827119,3720.4045420231646
1.8160141951904292,4,1024,13.643039584193232,11.929422133409814,2.1782179184954114,2871.2929248571895
4.423558734562333,8,512,16.271868096476247,10.662824619705862,3.4477623450378863,3975.811467019552
2.6227302274010755,4,2048,16.328536711830967,4.876594629216022,2.585355345739342,3781.006888829218
2.1528147863994898,8,256,15.029870935043345,11.375356931795245,1.3156618539112568,3137.881286571222
1.6427129954416737,16,1024,13.025543486867335,4.047297580969285,2.690443905188585,3178.5855291795506
3.5681253011588465,16,2048,14.148152532699651,10.357047376420724,1.8127600385792475,4634.858402514884
3.8714752664479883,32,512,15.467707673502968,6.4256096412892205,2.7158179917152436,4752.732956947181
1.5580574012474966,16,256,16.924744712109693,10.901768884005627,1.1741028704060144,3524.4387167992804
3.2923257040474834,16,2048,15.527254108066673,10.812510210967053,1.4372035929398985,4689.659279718497
2.292735213192783,16,256,14.039214324256639,10.253328601058591,3.1393431472644657,3215.5478057729297
3.7581047664330747,4,256,15.536022812398446,10.110273926763552,1.5679488925587872,3345.2328531385688
2.11028250151747,16,256,15.159941518863421,5.742112251882367,3.09260281310735,3307.0352669110293
3.9182820833586307,16,1024,16.119381580604575,3.72827354746127,1.698190221136026,4039.733506344306
2.853573712051881,32,1024,13.427922555307834,6.626821608886453,2.6072047751467693,4298.824468169224
4.778554960578571,16,512,16.044111610008112,4.5617206348785775,2.7353764337745776,4156.153737004449
1.9813233045109764,16,512,15.165066314704442,9.254559800122156,2.2816368828626326,3428.092940871093
2.6937322286759047,8,2048,16.85196801543598,6.11489753884007,1.763276691741828,4091.0827035499215
1.8971573243420616,32,512,14.367488664154745,11.780491807739233,1.5316109409277403,4280.930508772125
4.73642766397497,32,256,15.530487572535792,8.768748696107988,1.0829733864060656,4976.258109506606
4.570687736833434,32,256,16.72811242204007,10.40232507270925,1.7598660031018096,5249.103609867524
2.402795697003045,32,1024,13.410038911962717,4.192722054676636,2.632906976328208,4049.815735820189
3.8099441611196267,32,256,16.748913948945805,10.758130340453603,3.3457620461212065,4726.062052064529
4.3602777007042555,32,2048,15.751542889203254,11.30481471462055,3.17801120565763,5790.2041514186385
3.443202840598118,4,256,13.271348236420687,7.3835572693704234,2.9151619413382566,2673.3609884139914
3.353777024246023,16,256,14.203854267787264,8.456276439758797,2.9711183581332468,3526.628233293016
2.346483018151581,32,2048,15.832688354581126,9.88328820812696,2.662462258689988,5339.569172866967
1.8258596873206472,16,512,13.269402405875088,4.573547645343713,1.6507171439150075,3033.1928442312974
4.640255152836644,16,512,15.328681840705093,7.523094688170982,3.2679875767645745,4141.539229181982
4.651463200071657,4,2048,14.383532227811827,6.587967249950818,2.676830779764585,4061.4528572952254
3.7158551004564377,32,1024,15.483662071069908,4.317365929460242,2.4011015774511,4766.12615474583
2.686604268670452,8,256,13.182968135250052,6.307809800623783,1.2774736730337026,2803.1971644670134
2.7222335111443132,4,2048,16.486147224609503,3.6135507844694423,2.1176388595160636,3696.1733545315956
4.040844876045838,8,256,16.893955876709587,3.232307162545383,2.1508956780048156,3579.5609325866617
4.639885909834019,16,1024,16.875511421142765,4.216496602393405,3.1614090238066748,4457.8754340423975
4.6048024849279106,16,256,15.9986073269717,11.668036004302564,2.366620550469471,4146.546095130469
4.229564410501684,4,2048,13.520344960522529,7.945765823055153,1.951001372426024,4089.8348613468634
3.747110761540007,4,256,16.03305278371609,11.69239945037898,3.442000821276648,3400.8566186346166
1.794489877482671,8,512,13.098347665835206,6.892480904971188,1.2768014833157892,2830.0557957135075
2.065700499331148,32,1024,13.088494206115989,5.806345197767336,2.0563710707798615,4328.048893439481
4.644939659844777,8,1024,14.294440876598165,7.555276765562197,1.1050616879285133,3880.374552656525
3.622501708808565,4,1024,14.954572761618664,6.955605197696191,2.8497603019173257,3348.858230495384
1.5321896806582038,8,2048,16.081629671231173,3.9509821583556954,3.2951913804978767,3359.341802738451
1.8551504000311123,4,1024,15.733181506426021,8.767436832211857,1.7000933238762235,3084.1540918359005
3.8222561918781954,8,512,14.783610825506994,4.9443436425863965,3.145854191997802,3368.1548136623574
1.5177155434617653,4,2048,14.094506665126664,8.576291594080466,1.7305455761547444,3444.0231661655876
2.0628281799612456,4,512,16.988498000630845,8.851809831583381,3.276925404109788,2956.329274745052
3.4205682627830516,4,256,14.704725208943891,4.3682236781578325,2.8849047589919596,2823.1419565805354
3.9216331919244265,32,256,14.805548097318702,3.5521466439960134,3.0122669421035964,4391.693085188733
3.7818644082591018,8,256,13.654495284766677,10.026854274615959,1.0450163890011361,3293.3179123259774
2.284942583111959,8,256,16.17923819499972,7.138203813923882,3.407025892685065,3155.5373245257388
3.9926272747163756,8,512,15.774728903125954,3.523474159549282,2.816677480175808,3270.6000623888826
2.3303718062388,4,2048,13.883078451155042,11.953796854527905,1.7618777384653332,3719.951432134566
2.638898943557437,8,2048,13.32952418246337,3.5200250489673,3.0734866621471175,3738.109392087868
4.1127199179130844,8,1024,15.721997208298852,9.255317059726979,1.7038029960373249,4003.7182132470234
3.773715146665251,4,512,15.618044857124541,11.853110327370722,3.1818845989153197,3445.9453093609427
4.4722819367296225,16,256,14.093038107992838,5.152620937943331,1.2814509760298425,3785.276138253369
3.801645123051202,4,512,16.803454249001643,4.280244318184765,2.7592149436519895,3292.0488191840755
3.4890801116741508,8,1024,13.604231567123602,4.09246445480186,2.3517461916122757,3502.543306293719
1.8278616873983236,4,1024,14.729339204170408,5.72947632810836,1.241336175488602,2679.2184798534918
2.7870053107080173,16,512,16.774463680670394,3.90941229909582,1.6047345706470975,3799.031094840555
2.428208286886039,4,512,14.678909267704489,9.229452075247188,1.0310100906932869,2827.5852760664693
2.3539637518267926,8,512,15.554103790656342,3.560626183170564,2.171919913661265,2924.7633233339893
4.90553694163356,16,2048,14.590377591851176,7.584799153348108,1.7531631519000008,4927.508208184243
2.8758420363336614,32,256,14.09686080939468,11.970271684676792,2.4958937107443973,4413.310200666489
4.622162943119896,8,512,16.935910591839313,10.325732425554168,1.743094519271543,3902.302077990115
3.70898519099042,16,512,14.637336025260172,8.536974944079098,1.7497977787674617,3932.635535256128
4.28183956239577,16,512,16.57639681471654,5.756282587079506,2.8579829968290085,4287.9746661608
3.2592298258681724,32,1024,13.919818423564344,8.615062526624747,1.1203570899458837,4634.018036225301
3.5191635961922567,4,1024,13.852418816100332,7.743373175204865,3.257237487979968,3318.8346298379465
3.2238119283660236,4,2048,13.124536331538046,6.834750455013343,3.1306596859779536,3554.2560277855864
2.1833504572931557,8,256,15.60666730150354,4.176393390661795,2.6695117080660165,2819.840738180775
4.028582403415268,32,2048,14.474105374895045,10.9794379371642,2.483053925268461,5596.924857478805
2.4827032685429953,4,256,16.45743299935855,7.048061839391902,3.2307562453491308,2774.790250902542
1.5851058825100885,32,1024,14.892839626766229,4.751602606386886,1.4633254488217862,4242.500787731143
3.7591530356750873,4,1024,16.872773711658887,6.309834157895606,1.1974229054770715,3899.9803138890597
2.1198873779246714,16,1024,13.742102062812485,6.727167772760343,1.5987754247738453,3492.2339801576413
4.7916050452352,4,2048,16.474492671822443,10.447841060101869,2.9864456967504758,4649.497932534174
4.838750019509056,32,512,16.106387411166967,9.60252942505262,1.0866756668162083,5118.7038448435915
4.70202536577157,16,512,16.083687378576208,9.923744042772057,2.4570170877087243,4253.431617232736
2.7955554508940557,16,1024,16.37913291246755,3.0992813798578247,3.4885937904782747,3785.362119973409
1.554098157851036,16,512,16.044095963771994,6.745385983617854,3.1392402345938484,3387.904074201129
4.749114969057039,32,512,15.504881286525661,7.332097364717913,2.3036142226089735,5044.8871377065125
2.9986445191106004,8,2048,13.524979510729551,3.1727304914075103,1.1591022732166059,3713.7396097492906
4.8832918666528435,8,256,13.130104717965008,5.338318878705308,3.0784337859642745,3365.538238184688
4.872669919812385,8,1024,16.68339139126275,9.842608408099215,2.4974462704430263,4185.931364474836
4.485533094135761,32,1024,15.466601258082953,4.233987351560991,1.2873324926489171,5169.764456114554
2.5305711222435496,16,2048,16.186149163904705,7.817791183073325,1.2346432120583906,4540.999046015889
2.8478420501067383,8,2048,14.9260894060502,4.9368168481551375,3.274067048591481,3759.521843850365
4.478978350308999,32,512,13.469232755849578,3.1090869717950396,2.673000657345196,4490.326011906249
2.6092270180469717,8,1024,13.500743168810201,5.170813118395873,3.0732169982918887,3124.6019200815567
2.0932246134013237,4,256,15.742261148915885,11.782863794190485,3.197447250705668,2797.963714540262
3.4488044186042255,8,2048,14.72122357959785,10.213834006946907,2.4294308801208055,4211.232238350307
4.776541709562734,8,256,13.802098906801348,11.636189798889301,2.293615879387603,3901.9113804517983
3.9361042883624053,16,256,14.966378186965748,7.390686395337262,2.0760685258024756,3772.5905646540637
3.4952140953127775,32,1024,13.256835748300537,3.9876257880975317,1.7923664694777983,4520.300496271776
1.84011772819769,16,1024,15.327885607657596,7.931635400763237,2.0864899021467793,3545.010619584741
3.652525293447094,16,2048,14.075973617740392,7.089396011039648,2.934699139325391,4538.615030433478
4.965188475364922,16,1024,16.190236402548752,10.599213744656543,2.504808577537829,4701.185886451912
1.9902940533278342,16,1024,14.241447835694295,3.882743227058201,3.2313082248871154,3262.0400135736095
3.3141537832730785,16,1024,14.820880596327205,7.394170233196004,2.1084500359479694,4110.808905372387
4.570805751747844,8,256,13.046482159632403,4.350437982245858,2.517723946796885,3393.981563888947
4.092690162139716,16,2048,13.289787551178236,5.92208334201054,2.578268882729972,4428.713336729791
3.939555093483438,16,512,14.569974225626739,9.636213696490197,2.4792429057658136,3769.696358042961
3.9586942939548826,32,256,14.919755338868494,7.284163164318898,2.7565844327137907,4661.872495994074
2.758219029269143,4,1024,15.400082192477214,6.382994566311924,1.5935836709370157,3186.6515445580903
2.527571454925727,8,256,14.166650314837213,6.550286507130318,2.2809094438644766,2929.965015969705
4.332764044174798,8,1024,15.77992754450617,7.13502091565388,1.2605620070208692,3815.1843222069847
4.335396881377132,8,1024,16.44048958875682,10.065148894533511,1.9612783191120313,4250.4697969444915
4.534753115030362,16,256,16.1194039555734,11.02876220046211,2.219167671553161,4109.441241579197
4.696341933947649,16,2048,13.158475301393429,11.598012178535354,2.630560648863681,4954.21897692852
3.289698396013282,16,1024,14.922027789031315,10.082130476297657,3.3763276314655086,4027.0084419693903
3.2553070314051986,32,2048,13.4197207136727,5.838662061732115,2.5016276663708896,4955.635337999905
4.294033126383713,4,512,13.96818006345011,9.193212354778879,2.8589847904413994,3325.1035676365323
3.774873757722178,16,1024,16.946650373068586,6.938428116498527,2.265665148738007,4372.012877542222
3.9568840704019617,4,2048,13.569982171606053,5.2920355984144605,2.5852600784408284,3861.071303607255
4.285274343026353,32,2048,14.995552613805424,10.567844214833304,1.1773305403344336,5831.426103912307
4.615018696361481,8,512,15.472622937272476,3.345837140660925,1.6359789521046175,3837.4464991084465
2.6829830489803754,16,2048,15.809859882176415,11.115857929218812,1.9046327330128467,4402.85942225876
2.814540334239804,4,2048,15.238594733947657,7.153297181622607,2.1812333875162837,3931.0130490526594
1.8289367894430415,4,512,13.039083389676735,8.734813291274524,1.1141218637559593,2612.71140801609
3.523980493486609,16,1024,14.305845232975967,8.934185299852045,1.3500602438832943,3999.764666311184
1.6257979582885973,8,2048,15.070846573538846,11.056059666358827,1.6920357694782644,3643.433280447005
3.1295930634636107,8,2048,13.351465996579334,8.730027139504866,3.4288317272526267,3856.8719788368767
3.3992562214765183,8,2048,14.402507724836724,8.525402262840556,1.8283675177576268,4225.790364744814
2.5028943824489955,32,256,13.132812435165466,3.5998683650462096,2.2051026452802063,3813.13424855133
3.5679164119915376,4,512,13.314313988620082,7.6656721975068365,1.4902442818459822,3241.0364892921784
1.606750874786673,4,256,14.587693104806384,4.351521007353375,2.5269501776894208,2171.3903353211485
1.6307186606222506,4,512,13.53086301617224,9.63690391849337,1.7017080387899357,2597.4837598195318
4.379101962308804,32,1024,15.270163393046232,7.60999728731407,1.5174814460960668,5056.033402743713
2.76066724493942,4,1024,15.757859876549063,9.12205001287518,2.2914315711149476,3402.6597713584893
1.9447117942815968,32,2048,16.20234679643633,3.3750561054214585,1.013764497901052,5000.650976259648
3.3278514101918155,8,512,13.80060097697924,3.763128144412229,1.0191600816230633,3091.906463082699
4.1949774358451375,16,1024,13.66993032903628,9.44691049256414,1.5476720227546443,3977.5576965592886
2.255373596238951,4,512,13.4182713613376,3.6487590239880605,1.091803406252053,2585.694220332014
3.680116665366501,4,1024,15.545720998174547,3.6413105498873275,1.2700643853267284,3496.4301573299126
1.798716127478188,8,256,15.825902905947604,3.108976277113987,1.847151623346879,2722.6360742516017
1.6808860240901269,16,1024,13.126344579302568,11.60851258469532,3.006464198949532,3566.4957777798463
3.359741210488518,32,256,16.74484898497476,9.637575235131063,2.430121608423252,4567.298822663206
3.392222925635373,16,1024,13.20788513460589,6.179262676518578,2.281669314891041,3851.5640430124367
3.731004655243723,8,2048,15.165185341204282,5.668820231588898,1.733722058020304,4319.137388303884
4.041319668029315,8,256,15.836242077803666,6.147329067712646,3.329384298582041,3225.5852975679127
4.915482278118871,16,1024,16.483876494984344,9.971881780630635,1.9925376030929791,4766.2459065965695
3.3070512190541836,32,2048,15.85634772852971,8.95233549963373,1.2177319169894287,5448.538979604336
2.630347655294361,32,256,16.206912332279167,4.666760110807211,2.542666290294503,4189.180352423624
4.2831516816904625,4,2048,14.357800770171224,4.566984018006759,1.2845959836915035,4097.9427914137905
2.4479128794172595,32,512,16.25930045498605,3.885560847420576,1.8630578570042302,4229.8505939590395
3.0363999724697264,16,512,13.320459385538701,8.942724477312044,2.268529846794522,3475.6776091313823
1.774597334697931,8,256,16.57926662424211,9.879353959995623,3.1855563117129395,2957.6174473965707
1.5887276019541012,4,1024,15.190369504614946,5.385417854925036,2.2338664508502966,2702.6540288159313
4.8692694513727375,4,256,16.269191079849975,3.188504649278215,2.7556469150791605,3296.8752707254707
4.425930421792721,8,2048,14.8092731380732,3.739545007287846,3.482042097497676,4276.123464057418
3.935909721327943,32,1024,15.5743107807861,11.710740313605275,1.328722799744954,5137.318063518091
2.9313353054499447,8,512,15.105610643744452,5.659002997296782,1.6868288137987988,3254.6115853022807
2.1065301202479603,32,1024,15.926358087021327,9.923008330543203,1.986440188994116,4680.452297833938
2.0475296493488013,8,512,13.326519928122359,8.621972119688374,2.0545704463470784,2672.4805772079976
2.3758501435760837,16,1024,13.241408335962255,6.437456756876063,2.0275526881638646,3437.2600473023344
3.4222933264714217,32,1024,13.988412936040586,4.851185359759996,3.2690275063913874,4687.536270921052
4.001085729450218,16,1024,13.638178720452753,4.092477763434658,2.785081611167141,3802.4720677454015
3.8106908185120596,4,2048,16.487134266368805,8.5351167123498,2.5197630352267595,4184.896762692214
2.4797686393108,8,2048,13.876855949432176,9.971704025740092,1.7734317946569553,3912.0188473584026
4.842028482321179,4,256,16.903461023276524,8.795138281870177,3.059475960553237,3748.125431199411
4.0826392084351895,4,256,14.347583167084426,7.772719199242425,3.387651278712472,3103.922394668623
3.4402391837899025,4,512,13.728471662754798,3.3775610108847265,3.052995706375566,2783.6205570598972
3.6410226118202327,4,2048,16.158794028569915,11.716398998349455,1.0039127629786821,4492.883494357956
2.9686002184972646,8,512,15.634831102003504,10.18842772489117,2.5910034254585175,3561.9400798520082
2.3670584632540512,4,256,14.992782865812556,5.635398330308682,1.1278384536052517,2804.305641167735
2.7459043752794154,8,512,15.221454203750525,11.819732964229656,1.6440180508343047,3401.036963242851
4.152461386625292,8,256,15.876807113089056,8.4169343067269,1.148811750869429,3559.8293398580054
1.5503772102041455,16,2048,13.913818965325195,8.241803923865218,2.5094886323734693,3801.648344274042
1.9062542417742068,32,1024,16.985335664226966,9.73265861486579,2.716474783731517,4688.14385488959
1.6610092470761346,32,2048,16.899172648587133,10.305928092811238,1.2862190951647627,5201.986030024634
1.6425508081163955,8,512,15.601302745387748,8.908307465983523,1.9595972076124486,3107.407814527055
4.494112044038525,16,512,13.798169803716581,4.1528617172958,2.140591272388855,3908.1805079092182
3.962802507830083,8,2048,15.720912969725166,6.044407553950485,1.9226325544022915,4180.2686935834645
3.159608401805638,8,2048,13.288793635916704,11.352752762934447,1.3025625012129827,4194.938631362383
1.8424195622785051,8,256,13.122610008823225,5.021540506594667,2.0473694754686886,2391.6739533247855
3.220655562908913,16,512,14.030731554044856,6.34950321453762,2.877945119521045,3496.9555696873767
3.15715119773198,32,512,14.850491826957265,6.888691946497763,1.1775191613331386,4529.886282433744
2.106206544685053,16,2048,16.47309002163352,6.95464490725007,1.2004500352047587,4520.90100907703
3.0184807723329055,4,1024,15.908676279065233,8.51645624245073,1.8869282295899605,3765.7155534254616
2.894766570390807,16,512,15.970826084799924,11.487682539702368,3.354314279047313,3873.976473146582
3.655475343182758,16,1024,14.701973337792301,5.166234406492545,2.6714316168072854,3933.5980702813563
3.7228277780367534,16,2048,14.383739970187852,4.093512386708262,2.696674891681412,4461.579646162127
1.658564034202156,16,2048,14.48415505193841,4.777234408739436,1.9047999770946624,3954.5996355367156
2.811144151192649,32,256,16.950598254944232,10.982324101883425,2.4841519780213464,4549.421673470769
3.6905097049998274,4,512,13.16043676564993,8.812297313896854,1.0253279600693586,3359.9432182085793
3.260976905030307,32,1024,16.468125984489795,5.573161103152441,2.5902401160238555,4853.527184202117
4.4977144441591275,32,256,15.314701634289573,10.343522450717554,3.283217368940592,4908.138835167507
3.8054277106663075,16,512,14.754461676758362,10.752329967270924,2.531433670862048,4043.1884212289096
2.070270494785004,8,256,15.901030641660546,10.618629048212503,3.184246483665863,3046.875711408208
1.7469906159015045,8,2048,14.946675765698812,11.27033880275599,2.8099326386652344,3836.9757315642714
3.748467473722105,32,512,16.493692952326644,5.270169181560254,1.3013960410092256,4713.921183906552
1.5927895868956763,32,256,16.602807456045035,9.795377358716504,3.2561332682146045,4039.295877216533
3.5502145344571217,16,256,14.686883707493822,7.14485547546726,1.1661096108894373,3579.226046263568
4.790805844987352,32,1024,14.107311188940207,10.577986976010553,2.3349186813694094,5310.2965404242
3.5141596225655762,16,256,15.369401314373448,9.55641609445452,1.3553428094836442,3911.571171862228
2.858594741722827,8,512,16.649453382466763,9.988027018497522,1.0292665268272603,3572.358801777251
3.751508764548236,8,512,13.842648756022665,8.905456539129643,2.0550856503190973,3586.6307273507223
3.103885116720308,4,1024,15.491866334253931,4.596858925227362,1.7376017691353907,3288.786835110906
3.409658762605772,8,512,15.526240880370082,7.905242270072445,2.2150012344940073,3503.8555114561887
4.795126830717838,32,2048,15.932452089661124,11.862027655720574,2.4429997168363773,5898.944290954536
2.85135923230271,8,512,13.52627074050904,11.43649259847407,1.1093476807723683,3227.317193394621
4.8641669733837,16,512,15.863299858728354,3.388563622173105,1.307508237809364,4241.300986640979
4.668727246846223,8,256,16.636130082662564,4.483333341564935,2.396605991126063,3736.644427500732
2.1852689717625378,4,256,13.718732435480968,4.185558961091058,1.8579183829316457,2400.5836796075
1.742764553063079,8,512,13.95017329969551,9.53381918986766,2.82293371887362,2806.8928523536933
1.8527230048209933,16,1024,16.88558037616656,10.360067968712507,2.630729121479849,3687.453827069381
1.563776389780424,16,256,13.723907810837959,4.921602296796047,3.114010907474767,2774.984324435366
1.8305503626457493,32,1024,16.417540373478317,7.552674236566461,2.731232066673063,4557.502828622541
3.890523706957249,8,512,14.96911142579214,10.5663272521008,2.0748276934753704,3696.5004616873084
1.7491602696108015,16,512,13.988924297612709,9.595213902896255,2.682416555986081,3279.3948110991787
2.6164147060281646,4,2048,16.482999605090047,7.880134849426635,1.6884529356385463,3892.9844882306884
4.4570635883930905,32,256,14.781221020010662,8.313129214128956,1.7657837469455318,4788.183475599693
1.5814517750753905,4,512,15.059269415718761,7.57524492224652,2.9724628998019833,2524.71701204691
4.350639689061275,8,2048,14.436933477599062,5.677936061869385,2.1160487910039554,4364.083099423119
2.4864917117068996,8,256,15.37180340573971,8.085197935731145,2.9959508512958815,3026.8355233894317
1.913576896675797,8,512,13.65409549034009,9.199967718450816,3.056055934170696,2859.880414865526
3.9385800787745273,32,512,14.564326146607042,10.859906242747268,3.1439058441532093,4718.604111528535
3.701299963729594,16,256,16.87764928934115,8.726622185813232,3.2915880896030183,3695.3061090182473
4.571152047344685,32,256,14.03253373080451,9.85009383338842,2.0774630512832406,4902.444859230601
4.0727486533136,4,256,15.626946658165169,4.440644714591157,1.797167045802847,3152.40295250326
4.3121832563469695,32,512,14.30076025689878,7.154017269778109,2.4554968664852845,4656.839273656517
2.487121003999573,4,512,16.093892502746403,3.0839845784438396,1.927931058594069,2907.8362728739617
2.12103840322903,32,2048,13.523494642873398,5.220109780694607,2.502685417000582,4657.129841641891
4.127151630743004,16,1024,16.87928418031418,9.538155436017043,2.7639646566095615,4587.395530269185
4.323921587435424,4,256,14.815158165534557,11.926289562144271,2.7210125462303423,3509.3938429160066
4.966767997002357,8,512,13.944201853385856,3.8926028962849433,1.9363822175503034,3667.6925217332227
2.9441618691899927,8,512,13.29398698932005,6.613448842751595,1.417150504246882,2925.732117066669
2.802063300274741,32,256,13.679031620350163,10.200638718292435,2.076323346155519,4361.92593208
4.2174453625969885,8,1024,15.07909579422407,4.83632071166009,1.356485360204772,3836.8968017810535
2.6928123908855626,4,256,14.348012705725145,7.995764543720576,3.225242587959521,2692.28572626441
4.757650639612477,8,1024,16.31553346353044,9.597641664267073,1.8646936518446435,4275.858368949463
4.504444631450541,16,512,14.723550094647223,8.543869052341611,1.3861493680583095,3974.5121693008027
3.0014790958125643,16,1024,13.99485709035052,4.692222611538745,1.0636193997643772,3787.3026534002197
4.128048737270241,32,2048,15.46857994641612,6.198461118171655,2.6145559657162107,5423.546111445532
4.1409000592963885,4,512,15.827108867541783,10.054126060368574,2.592255793636858,3418.2661286916414
1.8609335409257641,16,2048,13.668167631603799,7.98803862718815,1.8515104164532292,3823.8069310811848
4.658935173378483,16,256,13.67047686515327,3.0470665218862147,1.1792797221191276,3866.9157507973564
3.2683833035675,4,256,13.146685707734171,9.848916840252844,2.02407223723808,2853.010284222598
4.392601131377096,8,256,15.945608060262561,3.3178021944621516,1.778043737658484,3637.5238173265966
2.620173603607141,8,1024,15.65521811048722,9.71160404458109,2.6928015993375234,3463.8178276420017
4.634331299736702,32,512,14.898523502999256,4.822325041487137,2.514448123631726,4632.586539939541
2.862205875569571,8,256,16.376681795876788,11.622661321074421,1.9114843204938499,3282.0097350819688
1.5379317801810442,4,256,16.222680611800214,6.31146676171876,1.5447313856374754,2710.450858421905
4.668836917467423,16,512,15.341417457587008,5.942384547042712,3.4700899153889795,4039.39388931752
1.8195033687514675,8,256,16.473085122053035,4.339992452992002,2.135004052990287,2733.180288651849
2.617597731566452,32,2048,13.823364840147073,5.750437939411934,2.720685589450593,4901.60086417387
4.825216884677817,8,512,13.447678477590912,10.889856856453804,1.351382418945902,3866.536340090048
4.827125014281446,4,512,14.078998446067958,11.967009038645227,2.2139742491484946,3791.75887956986
3.5070326084315013,32,512,13.22834742435726,6.314785774561635,1.0688417996736637,4574.943788953251
3.7114302425942975,8,2048,15.124678112004128,7.037495678590883,2.263637794776125,4182.237956804623
3.0695593269241193,32,512,16.746422769179844,9.498638443824634,3.410043517794256,4528.348668250289
2.5262377009432258,4,2048,13.157374162674039,10.97576202418567,1.9605167824645005,3597.2668522822455
2.6503259087947058,16,512,13.488439656040107,8.337399007681057,1.097490031437279,3504.591247636089
3.8538145962696344,4,1024,14.808796113133742,6.523731283600464,1.0773894772983588,3459.727875052304
4.13331085303188,4,256,16.73550007011162,6.713596567637614,1.9699668998671738,3315.8736891433678
4.27052665304047,4,1024,14.264624419907001,9.260563318471263,1.4000623411579851,3754.418641738781
4.263663499780939,4,256,15.028939234753569,3.0289643724385082,1.0583802408204648,3173.367301109111
1.8192213606704164,16,2048,13.166291436201568,8.576304037138566,2.890534034875442,3888.200711104211
3.2304710664590353,16,1024,13.593372803848355,6.199437093972216,2.1463075222047268,3705.2911745011916
1.7014556600582549,32,512,16.946520491835386,10.147775981493758,1.7231119299316364,4357.804118543606
3.4233510881330744,8,256,16.86047478574418,3.8369157584081894,3.250207957541202,3139.595723046777
3.0453567548068197,16,256,13.019759923737638,8.293820402535514,1.290347400501314,3499.8383060046435
4.606964639654049,16,1024,16.807247141692955,7.328756008975113,3.389797072388298,4601.999426277475
2.7282025439322757,8,2048,15.556479751262001,8.780929733147048,1.784916793443382,3875.481301735786
1.9097345574966205,16,1024,16.47167317808009,3.5836823503467152,3.221009180771703,3421.433434013037
2.0004708871849255,4,2048,14.818959422535436,8.219854086853182,2.507357191198654,3359.8105868142084
4.165287211011153,4,2048,15.062384114317002,8.053361291635714,3.0667683993537187,4083.618212992099
3.6637632216069136,8,256,14.955386321027682,8.045940849745538,3.460032908026161,3263.1597901943196
1.8539293664297658,32,1024,15.667457030184417,8.431388999368092,1.7210135945468643,4341.164871224899
1.7943738214024911,32,1024,13.55860501902525,9.088211435037259,3.4028387135189826,4107.373188736283
3.95339196010692,8,2048,13.119894359490711,10.244900997126928,1.973704737256051,4132.722089795272
1.7546705222746772,8,1024,14.231719766364764,5.428386481153929,1.9637797618423058,3001.2463374128156
4.3765102075162465,4,512,15.818723050946588,10.425444691620559,1.8509677606362642,3682.2292006861667
3.971847795047737,32,512,13.807413808491793,7.484301140371082,2.3535190183689627,4537.8180587261695
1.7847207322466492,16,1024,15.69372973329967,3.6935245122089806,1.3853626079462178,3512.9441303089498
1.7969319992981716,4,1024,16.879648184429083,3.5269583631958126,2.384278713395028,2906.2408086317146
4.953238524754115,8,2048,13.375602863157674,6.008144868264547,2.35426203102501,4342.979025888728
2.809947785146421,32,512,15.690408472900504,10.064072794003208,2.904754531512175,4692.69557704835
2.797247514734118,16,512,14.775000877218284,9.369128412668243,3.084124904843964,3727.2793385856303
4.34479848540126,16,256,16.472569017510022,10.09753468205166,2.10110337578106,4047.584542171634
4.815370020843505,4,2048,13.708599157789543,7.655421507974484,1.7558331233787343,4340.869367969965
4.951003723380048,32,256,15.770503808904659,6.961790981599415,1.6483372432927361,5067.5459304529795
4.1368236484062955,32,512,16.35246115859244,4.327072740356556,1.4865595917621799,4716.221811532025
2.816908549358205,8,2048,16.778456877896094,5.953734782483804,1.1441189554975622,4209.73946049703
1.7922525084453407,32,1024,15.732992113158584,6.9061742955648775,1.8561199470867833,4560.209130158972
4.220014205746029,32,2048,14.98869905603371,3.797403867116555,1.6756192303269581,5344.734879871053
3.4544148740753178,4,1024,15.471388960804855,4.985507574400901,3.4160434646660183,3232.3312059443897
2.984777032364417,32,1024,16.47561993791487,8.38402764657365,2.3942720656251097,4972.408752766853
4.6722403478315755,16,2048,15.282438986555318,9.620968028152708,1.868192597576269,5072.494625334864
1.8891911880715297,4,1024,13.121548238787348,11.985127602536547,2.45116900248424,3002.906461801396
3.224187865018007,4,256,16.723794782027912,11.39801998209202,1.3479917533642387,3390.2159709637117
1.5397377566859667,8,512,15.758107004126245,8.783086795816724,2.1101093730055074,2978.6196226936227
3.140312246979442,32,1024,15.706053543108986,6.791232479646649,2.5655858035526595,4635.4218245818565
1.6970614648864308,8,256,13.862700609590869,8.725596282374095,2.2222445794811287,2766.031893408068
1.9158627069382517,16,1024,15.635541880930628,10.070864562722088,2.0044470016358105,3869.884231844409
1.9113418637198671,4,512,14.575457622616634,4.065025718310486,3.4846209722492456,2452.379227090778
3.7722360574062224,4,256,15.604931908165968,6.689144007266594,3.2007869053723175,3123.342728079125
4.111157077428981,4,512,13.426372121231964,10.558220570720554,2.5585148953986003,3173.2766631552104
3.5417906778400585,16,512,15.631381218412145,6.4544965673973955,2.423443402955707,3870.1084933431257
4.867603919660897,16,256,16.997654903082665,8.146850441044679,2.5516511995614604,4343.543868041664
2.812047028332964,8,256,13.192848155442224,8.289924247759785,1.5032802695560832,2941.112778776768
2.4999923019865125,8,256,16.90869673688527,4.660286278202754,1.9878443581607965,3168.3219334916007
4.540096948663111,8,2048,14.627631842891482,6.260118974870595,1.0986488322272483,4410.856863173549
2.2825854348180843,32,256,16.48301380134904,6.01060159867739,2.188865093717067,4248.518412430932
4.87127888804214,4,256,16.129541936233093,3.235770376788583,2.357561459894158,3311.924168243575
1.5425406614143573,4,256,15.26806504394667,3.217725875022197,1.569374340258024,2365.453805719537
4.894575893476737,8,256,15.953796837005306,10.485273393081961,3.4100721179137845,3823.224355780857
1.6510596918270164,4,1024,16.51406224520539,5.457637289755311,3.273636527343105,2935.8785894957955
4.619000897943248,8,2048,14.616561286604131,7.662708896149339,2.805358088639765,4400.644156574037
3.3469538818020492,32,512,14.308132646252954,5.6885301622989575,2.3334665719134065,4388.620047495031
4.975376786417551,32,256,15.670373542254339,11.466113206038065,3.1749228991192124,5170.153490580412
1.7582879765738961,16,1024,16.231383767765035,5.333670829791964,1.3266308595586573,3565.9636362385963
3.438489995404623,32,1024,16.049140539106464,6.866911314650416,2.9762744856872123,4713.666070759821
4.892558874666847,8,1024,16.191254595434536,10.854572254361416,1.3120520349171207,4542.43180079265
3.330842454595521,32,512,14.742333259251732,10.577402101126278,2.9855266563735134,4741.451221399254
3.702895233473419,16,256,16.271336864700086,4.674912760616496,1.6894189206283925,3639.3015513947125
3.93512041144616,4,2048,13.480836221482434,10.223789788161394,3.192726452545472,4070.9057950057922
3.0908937266872063,8,2048,15.177956391843399,7.123681980641034,3.3601052345634947,3935.708297632834
3.696453280294222,4,1024,13.023034641992487,7.346719848768197,1.371989923512789,3374.8574675957097
3.545100091730851,16,512,14.29834331960108,4.201319751743494,2.1566890126634837,3639.0051118172782
4.654053036718461,16,512,14.465846139485592,3.7254136238141218,3.452468445406713,3851.752867614695
1.6590623311951025,16,512,14.58469076643702,9.551453762763886,2.2085185899328668,3205.443430457505
2.483371163572806,4,2048,15.78186882675945,7.468150371197698,3.158868806286363,3618.926701049751
4.826440194267955,4,1024,14.554232405081382,6.931656323536616,2.4718288053282995,3677.410919915451
4.615923243618207,4,256,14.794774490490123,9.56557405787157,1.9383247697990047,3394.7789251363424
3.094798634749995,4,2048,13.95017652349731,9.889616090919988,1.7144588888146755,3850.60111296586
3.6704640923053784,16,1024,14.49300716651736,4.430173509024182,1.5080577277152183,3892.6679994074802
2.4708341404339644,16,1024,13.909078509052605,8.492026345298772,2.904495478444243,3706.8195794964504
2.1584240590331647,8,256,13.292783695073775,4.21818674049917,1.9663512670575698,2723.940109018008
3.1229444172899377,8,256,15.413794373525512,9.762375774261411,2.2781886555018778,3224.8430365978907
2.736732798091185,4,256,15.672851194220065,8.912596406404255,2.2308137000029546,2985.208580158923
3.5427963914780523,32,512,15.477961384038458,11.609531589751121,2.443197573082828,4858.824951813459
1.772071229377447,32,256,14.85397617520229,3.620622147207791,3.1639428640613807,3778.8469561106326
4.910381826831583,16,1024,14.519143120716919,3.5134924903612887,3.4518483589585736,4212.571668579299
4.95173760567861,16,256,16.453334598287302,5.539683672238802,2.0189605214345425,4253.76230418611
